{"age": [9.5, 69.5], "duration": [-223.5, 644.5], "campaign": [-2.0, 6.0], "pdays": [999.0, 999.0], "previous": [0.0, 0.0], "emp.var.rate": [-6.6000000000000005, 6.200000000000001], "cons.price.idx": [91.69650000000001, 95.3725], "cons.conf.idx": [-52.150000000000006, -26.949999999999992], "euribor3m": [-4.081499999999999, 10.3865], "nr.employed": [4905.6, 5421.6], "job_n": [-1.0, 7.0], "marital_n": [-1.5, 2.5], "education_n": [-6.5, 13.5], "default_n": [0.0, 0.0], "housing_n": [-1.5, 2.5], "loan_n": [0.0, 0.0], "contact_n": [-1.5, 2.5], "month_n": [-4.5, 7.5], "day_of_week_n": [-2.0, 6.0], "poutcome_n": [0.0, 0.0], "y_n": [0.0, 0.0]}